1.696382,-0.259048,1
-0.670916,-0.240627,1
-0.643373,0.004451,1
-1.655920,-0.917495,0
-0.468576,0.371796,1
-0.466863,1.862774,0
-0.278721,1.657576,0
-0.573860,0.061707,1
-0.796734,-0.805286,1
-0.607984,-0.350718,1
0.038360,-1.053584,1
-1.415197,0.693744,0
0.297208,1.169306,0
-0.930474,1.649237,0
0.889842,-1.580140,1
-0.242712,1.452206,0
0.385645,-1.420068,1
0.659189,-0.229084,0
1.040297,-1.314763,1
0.537836,-1.135524,1
0.099609,1.236966,0
-0.032617,1.369177,0
-0.708589,1.215426,0
-0.645601,1.760629,0
0.543756,-1.159644,1
-1.694438,0.051304,0
1.188164,-1.692770,1
-0.578055,0.317894,1
-0.454455,0.270777,1
1.687787,0.220819,1
-0.437835,-0.468448,1
0.204897,0.995607,0
0.800580,-1.044017,1
1.223280,-1.167866,1
0.610305,-1.192308,1
-0.089287,-1.123070,1
1.837677,0.261299,1
0.652219,-0.619426,0
-0.603909,-0.544511,1
0.085472,0.863768,0
1.477670,-0.746654,1
1.010967,-1.711694,1
-0.150860,1.197769,0
-0.455506,0.553543,1
1.531664,0.554603,1
-0.101951,1.507970,0
-0.340109,-1.255768,1
-0.432667,1.349731,0
-0.496302,-0.027091,1
-0.158126,-1.072832,1
-0.475434,-0.327490,1
1.553976,-0.567750,1
0.083393,1.085413,0
-0.307909,0.061336,1
0.963424,-1.590373,1
-1.537288,0.320520,0
-1.653026,0.278953,0
-0.400929,1.163856,0
0.007753,1.557605,0
1.248973,-0.703367,1
0.369030,-1.632383,1
0.714477,-0.222493,0
0.469450,-2.180729,1
1.444491,-0.003033,1
0.477743,0.389906,0
-1.586562,0.879549,0
-0.421994,1.086760,0
1.153364,-1.006914,1
0.340638,0.616773,0
-1.717595,0.066762,0
0.322023,0.858284,0
-0.565393,0.600768,1
1.309172,-0.083216,1
0.200771,0.880182,0
-0.106983,2.010561,0
-1.664432,-0.235126,0
1.596119,-0.725625,1
-0.821625,1.305444,0
-0.108289,1.771848,0
-0.195927,1.299722,0
-1.378612,-0.163208,0
-0.071259,-0.859967,1
0.215720,1.390660,0
-1.468171,0.815434,0
-2.028045,-0.251665,0
0.357462,-1.321534,1
-0.703097,0.507859,1
-1.596430,-0.115537,0
0.182324,1.045966,0
0.467194,0.559910,0
0.778785,-1.387309,1
0.526257,0.553626,0
0.842936,-1.351012,1
0.611385,0.171881,0
-0.638807,1.606210,0
1.656236,1.076416,1
0.575691,-1.608764,1
-0.970170,1.267575,0
0.915211,-1.441568,1
0.470009,0.463242,0
-0.940455,1.208020,0
0.011001,-0.624661,1
0.978272,-1.332121,1
1.726947,-0.607971,1
1.603070,-0.620784,1
0.829472,-1.897867,1
0.578737,0.560134,0
-0.792423,1.213022,0
-0.745389,1.231966,0
1.747591,0.780979,1
0.121128,-1.245970,1
0.282448,1.009731,0
-0.672348,0.010729,1
1.208034,-0.910877,1
0.647481,0.598833,0
0.211955,-1.854001,1
-1.090595,1.549466,0
-1.322713,0.425432,0
0.680632,-0.910299,1
0.171456,1.551468,0
-1.918407,-0.235779,0
-1.371810,0.386711,0
-0.386105,0.371162,1
1.443386,-0.563425,1
1.132596,-1.026800,1
-0.523283,1.450858,0
0.001412,0.504842,0
-0.029453,-1.579404,1
1.021023,-1.421721,1
-1.707423,-0.248311,0
-0.687589,1.432662,0
0.025493,-1.409679,1
0.321722,1.017763,0
-0.834359,1.284800,0
1.533937,-0.403684,1
1.618927,-0.201755,1
0.213237,0.733969,0
-0.099783,1.303819,0
-1.631545,0.392487,0
0.471884,0.060232,0
0.332903,-0.152339,0
0.535219,-1.326395,1
-1.665224,-0.208544,0
0.176480,-1.151196,1
-1.126649,1.147512,0
-1.606733,-0.441612,0
-0.537340,0.812903,1
0.365262,0.725319,0
-1.553375,-0.454407,0
0.150638,0.440544,0
-0.570805,-0.214683,1
-1.541065,1.103236,0
-1.552171,0.505986,0
1.053993,-1.033249,1
-0.452663,-0.794271,1
-0.445891,-0.826604,1
-1.766410,-0.547344,0
1.690559,-0.540591,1
-1.234877,1.178400,0
1.501865,-0.699015,1
-1.354798,0.780854,0
0.006960,1.501066,0
0.498302,0.673054,0
-0.510078,-0.318055,1
0.163601,1.141398,0
0.231449,-1.284047,1
-1.931209,-0.325148,0
1.606379,-0.119503,1
1.279396,-0.863016,1
-0.571703,0.508357,1
1.197589,-1.127942,1
-1.457150,1.396753,0
0.365826,0.629636,0
1.761160,0.229275,1
-0.641672,0.293715,1
1.228698,-0.765368,1
-1.467771,0.689253,0
1.250955,-1.044606,1
-1.627765,0.679982,0
0.542171,0.228180,0
-1.410955,1.091156,0
0.979455,-1.271870,1
1.619430,0.063925,1
0.332005,1.276464,0
1.699851,-0.114078,1
-0.542138,1.082104,0
1.259558,-0.599548,1
0.097768,1.122536,0
0.532744,-1.637641,1
-1.650032,-1.114795,0
-1.824660,0.210001,0
-1.468272,0.157132,0
-0.250743,-0.590295,1
-0.789713,1.987768,0
0.309254,-1.740431,1
-0.373928,1.590640,0
-1.438499,0.688424,0
0.466625,0.702726,0
-1.593266,-0.267302,0
-0.237454,-0.567765,1
-0.129999,-0.923962,1
-0.207646,1.192973,0
0.412916,1.044573,0
-1.655885,0.238595,0
-1.872186,-0.123533,0
0.046563,0.689393,0
-1.100635,1.299838,0
-0.835752,1.501068,0
-1.232079,0.562090,0
0.001603,-0.999219,1
-1.728575,-0.032530,0
-0.239415,-0.928526,1
0.345294,-2.077843,1
-0.758913,0.549825,1
-1.655059,0.642615,0
-1.530846,1.228919,0
-0.422104,1.182453,0
1.619143,0.419082,1
0.306431,-1.420213,1
0.267096,-1.469453,1
-0.881701,0.262296,1
0.515836,-0.426445,0
-0.586666,1.613486,0
0.917333,-1.479954,1
-0.338075,-0.440102,1
1.756984,-0.031875,1
1.457267,-1.262303,1
0.867708,-1.259757,1
-0.087355,-1.323721,1
-0.280354,0.043308,1
1.262145,-0.348779,1
0.667698,-1.828631,1
-1.522271,0.348100,0
0.679814,-1.245822,1
1.333831,-1.394450,1
1.591341,-0.175894,1
-0.568633,0.568543,1
-0.095971,-1.175853,1
-0.673397,0.949345,0
-0.098744,-0.934184,1
0.585800,0.050182,0
0.137787,-1.231038,1
-0.381610,1.057501,0
1.571330,-0.200279,1
-0.788570,1.260849,0
-0.359100,1.616234,0
1.114445,-0.993965,1
-0.964043,1.190551,0
1.195178,-1.208293,1
0.163315,1.404678,0
0.062372,1.042697,0
0.532307,0.607653,0
1.542854,-0.768913,1
-1.790334,0.159125,0
0.368860,0.155102,0
-1.108336,1.060416,0
-0.780758,1.388210,0
0.371621,0.857873,0
-1.578019,-0.289476,0
-0.584142,-1.320306,1
-0.054081,-0.962873,1
-0.769842,1.436104,0
-1.296593,0.469629,0
0.754394,-1.516570,1
-0.609863,1.366762,0
1.692621,-0.022299,1
1.748838,0.581892,1
0.486460,0.025270,0
-1.491790,0.480274,0
-0.530688,1.316750,0
-0.853137,0.987046,0
-1.670783,0.103020,0
-0.505040,-0.405657,1
0.407617,1.105697,0
-0.546362,-0.786646,1
0.701793,-0.141658,0
-0.326418,1.197511,0
-0.566574,-0.694521,1
0.209131,0.420827,0
0.637081,-0.632624,0
-1.701499,0.666004,0
-0.280968,-0.697806,1
1.738955,0.341076,1
-1.684245,0.262723,0
-0.362414,-1.096576,1
-0.493596,1.985518,0
0.350225,0.429395,0
-0.100844,-1.072000,1
-0.420455,-0.224494,1
0.278359,1.239852,0
0.535266,0.105281,0
1.576882,-0.709350,1
-1.347219,0.964891,0
0.619591,-1.152656,1
0.397644,-1.556667,1
0.668988,0.017373,0
-0.271716,1.220204,0
-1.500603,0.285117,0
0.423392,-0.173469,0
-0.129434,-0.974998,1
-1.130622,1.184660,0
-0.402083,-0.013784,1
0.459558,0.995484,0
-0.615682,0.413174,1
-0.887747,1.199143,0
-1.563516,0.386395,0
-0.455919,-0.307537,1
-1.715409,0.457315,0
1.598272,0.180033,1
-1.702051,-0.273039,0
0.206264,-1.511474,1
-1.031460,1.356677,0
1.243756,-0.349453,1
0.239149,-1.592692,1
-1.719262,0.173863,0
0.740361,-1.058160,1
1.286015,-1.048735,1
-1.864422,-0.289434,0
-1.597847,0.652160,0
-1.599407,0.382816,0
-0.763076,1.343824,0
0.201873,-0.824581,1
-0.071077,-0.889252,1
-0.492866,0.026270,1
-0.640332,1.644215,0
-0.384712,1.547586,0
0.336663,1.147822,0
-0.201038,-0.651958,1
-0.714699,-1.085922,1
-0.089980,1.425306,0
0.169263,-1.073892,1
1.340814,-1.082712,1
1.200591,-1.073745,1
1.513114,-0.537224,1
-1.153437,0.796003,0
-1.105139,0.846855,0
-0.398899,-0.551572,1
0.473531,-0.164172,0
1.354945,-0.973671,1
0.345111,0.275754,0
1.793938,0.596445,1
1.478834,-1.375997,1
-0.532287,0.260520,1
1.487153,-1.115209,1
1.666138,0.524176,1
1.541652,-0.362767,1
0.686337,-1.780926,1
0.940980,-1.838887,1
1.781263,0.469761,1
-0.612537,-0.046100,1
0.641477,0.584597,0
-0.642404,0.093636,1
-0.088134,1.452762,0
-0.254193,1.626406,0
-0.378707,-0.472502,1
0.494638,-1.178293,1
0.483537,-1.625532,1
0.257196,-1.922553,1
1.585054,-0.222218,1
-0.515969,0.462557,1
0.225625,1.077907,0
1.090085,-1.242328,1
0.098415,-1.439677,1
-1.063623,1.363189,0
0.642457,-0.083189,0
-0.343230,0.050332,1
0.434421,0.124121,0
0.036695,-1.077652,1
0.524213,0.247562,0
1.622029,-0.528479,1
1.868057,-0.644335,1
0.337709,0.874344,0
-1.966722,-0.070515,0
0.520688,0.074428,0
-0.586902,-0.337983,1
0.005576,-0.913099,1
-0.415491,-0.147706,1
-0.528863,0.264153,1
-0.790651,1.263893,0
-1.533652,0.331047,0
0.588785,-0.116788,0
-1.931631,-0.246230,0
1.969462,0.507041,1
-0.381012,1.267303,0
-1.901723,0.532059,0
0.950337,-1.517601,1
1.322689,-1.338345,1
-0.520815,1.548908,0
-0.513420,-0.811970,1
-0.201545,-0.937534,1
-0.687850,1.109699,0
1.395448,-1.076486,1
-0.302300,-1.346181,1
0.202967,0.302069,0
-0.221406,-1.030067,1
1.317895,-0.552143,1
0.755551,0.270651,0
0.186456,1.081355,0
-0.349786,-0.904914,1
-0.074890,-1.059647,1
-0.449454,1.376805,0
1.451896,-0.019266,1
1.537334,0.288615,1
0.090353,1.374221,0
0.438111,-1.405158,1
1.776470,-0.776033,1
1.611236,-0.695065,1
0.364078,0.158251,0
0.340893,-1.656358,1
-0.527554,1.395439,0
-1.312264,0.987884,0
-0.852224,1.248802,0
-0.452412,1.442479,0
1.590992,0.710761,1
-1.127672,1.257450,0
-0.674814,0.106674,1
0.384628,-1.456623,1
-1.346994,0.691894,0
1.214298,-1.003357,1
-0.580229,-0.996791,1
1.139905,-1.739570,1
-0.174757,-1.619002,1
1.160521,-0.998771,1
1.077475,-1.441269,1
1.072869,-1.342231,1
1.613800,-0.072927,1
0.429734,-0.051335,0
1.765638,0.283651,1
1.574903,0.095082,1
0.774318,-1.485385,1
0.361936,-1.153399,1
-0.214319,-0.285333,1
1.052207,-1.451814,1
1.765766,0.152795,1
0.098867,1.354057,0
-0.123884,1.423755,0
0.364305,-0.344088,0
-1.382062,1.243275,0
-0.261525,-0.688025,1
-0.167965,-0.444299,1
0.864321,-1.153406,1
1.752148,0.104220,1
0.299268,0.591387,0
-0.863811,1.111695,0
-1.307107,1.019694,0
1.764664,0.233257,1
-0.359413,1.332259,0
0.261920,0.064558,0
1.695958,0.252300,1
-1.691508,0.513947,0
-0.597562,-0.297653,1
-1.545099,1.428813,0
0.189290,1.006602,0
0.589741,-0.155278,0
-1.281637,1.256377,0
-0.323340,-0.295136,1
1.449365,0.424650,1
1.690283,-0.479518,1
0.558723,0.260511,0
-1.560272,0.110022,0
0.744501,-1.403977,1
-0.540668,-0.879854,1
1.094723,-1.037504,1
-0.601418,1.473133,0
0.442450,0.894045,0
-0.131323,1.696987,0
1.291827,-1.684568,1
-0.042078,0.813645,0
0.500709,-0.495683,0
0.348703,0.292006,0
-0.261166,-1.291085,1
0.650250,-1.390781,1
0.353140,-1.603851,1
0.256341,-1.263441,1
0.688015,-1.733153,1
-0.277926,-0.236951,1
-0.766842,1.941144,0
-1.381925,1.068769,0
1.335788,-0.983020,1
1.616890,0.343798,1
0.640403,-1.486046,1
0.389289,0.641853,0
1.516822,-0.325049,1
0.052895,-0.609846,1
-1.268187,1.010603,0
0.270906,-1.349455,1
1.684584,-0.699768,1
-1.608852,0.142981,0
0.702445,-1.367902,1
-0.799703,1.546695,0
0.241833,1.387314,0
0.713059,-0.025868,0
-1.630254,0.171635,0
0.097473,1.048890,0
-0.505010,0.527437,1
0.182686,0.893287,0
-1.685799,-0.195961,0
-1.057146,1.207292,0
-0.413288,-0.938829,1
0.579978,0.248717,0
-0.291187,1.239620,0
0.292987,-1.487104,1
-0.133235,1.013128,0
1.552045,-0.225346,1
0.640658,-0.199802,0
1.248022,-0.912728,1
0.998592,-1.047606,1
-0.054526,-0.916320,1
-0.228084,-0.895413,1
-1.626384,0.359284,0
-0.382793,-0.933903,1
-0.412018,1.383823,0
1.581658,0.430280,1
0.862425,-1.524386,1
1.508141,-0.437119,1
0.203602,0.599068,0
0.162517,1.009991,0
0.088496,1.143845,0
-0.441959,-0.918055,1
-0.510937,-0.498790,1
0.598854,0.635281,0
0.628949,-0.753322,0
1.489596,-0.719612,1
-0.735365,1.498845,0
0.223025,0.397831,0
-0.146206,-1.314523,1
-1.322528,0.746715,0
0.585053,-1.070783,1
-0.310336,-0.427272,1
-0.480472,-0.170010,1
-1.734705,-0.226897,0
-0.089065,-0.853870,1
-1.320467,0.934861,0
0.553316,-0.536075,0
1.337700,-1.107480,1
0.030132,-1.599172,1
-1.287961,1.485087,0
0.068578,0.997339,0
0.295589,0.284520,0
-1.500664,0.715349,0
0.175289,0.677773,0
-1.720383,-0.625255,0
-0.258974,1.503977,0
1.197493,-1.350344,1
0.889856,-1.210863,1
1.525645,0.170352,1
-0.217896,1.384032,0
-0.574052,-0.350078,1
0.723050,-1.111908,1
-0.085417,-0.507196,1
1.142545,-1.078929,1
-0.252408,1.260923,0
-1.707138,0.422530,0
-1.322212,1.327015,0
0.321458,-1.344573,1
-0.118157,-1.753863,1
0.029080,-1.583148,1
-0.724624,0.155376,1
-1.737991,-0.369464,0
0.284262,0.842852,0
0.290898,-0.795930,0
0.229997,1.043217,0
1.098234,-1.322405,1
-1.724526,0.540428,0
-1.356863,0.933471,0
-1.714108,0.291430,0
-0.231937,1.608569,0
0.294039,0.847829,0
-0.313475,-0.796131,1
-0.970675,1.445393,0
0.592594,-1.429220,1
1.651277,-0.328403,1
-1.038577,1.529130,0
-1.009419,1.042720,0
-0.344578,-0.829037,1
-0.259842,-0.993678,1
1.628659,-0.702444,1
-0.203625,1.266886,0
-0.385806,1.403419,0
-1.464235,0.088023,0
-0.617377,0.243802,1
-1.590849,-0.054196,0
1.430389,-0.775518,1
0.573507,0.150218,0
0.464633,-1.752165,1
0.365189,-1.057438,1
0.631586,-1.519823,1
0.170039,1.595762,0
0.451536,-0.081105,0
-1.670955,-0.162848,0
-1.623888,0.850183,0
-1.587568,0.032238,0
0.372003,0.357712,0
-1.812125,-0.079467,0
0.430024,-1.282386,1
-1.468433,0.750184,0
1.874041,-0.797619,1
1.746410,-0.370989,1
1.634640,-0.281481,1
-0.628895,0.986983,0
1.683737,0.105863,1
-0.338733,0.760028,1
-1.041571,1.430158,0
1.587050,-0.418251,1
-0.940555,1.170383,0
-1.282041,1.209797,0
0.744679,0.172510,0
-1.357629,1.175969,0
0.645400,-1.682864,1
-1.569219,0.532633,0
0.290317,-2.199276,1
0.580413,-0.655233,0
0.138375,0.849549,0
-0.347545,0.981233,0
0.444304,-1.186981,1
1.774104,-0.416236,1
0.870112,-1.823639,1
-0.394299,1.041499,0
0.156771,-1.209473,1
-0.991458,0.842516,0
0.310672,-0.199437,0
-1.196030,0.991489,0
-1.090840,1.246902,0
0.407092,-1.464476,1
0.014325,-0.933901,1
-0.910884,1.153417,0
1.457561,0.051264,1
0.458316,-1.481520,1
0.294347,-1.669292,1
0.120810,-1.385966,1
-0.617788,0.553266,1
1.406667,-0.943060,1
0.685527,-0.096406,0
-0.432783,-0.049384,1
-1.047197,1.293755,0
-1.723350,0.012143,0
1.823295,-0.357013,1
1.708896,-0.178031,1
0.087765,-1.051660,1
1.731261,-0.814835,1
-0.429316,-0.643937,1
0.074948,0.675527,0
-0.877154,1.426319,0
0.695706,-0.230457,0
0.604684,-1.454076,1
-0.783819,1.779341,0
0.350291,0.220457,0
0.701215,-1.759040,1
-0.810298,1.067085,0
-0.368892,0.224010,1
-0.201015,-0.988129,1
-1.258472,0.938897,0
1.088139,-1.649012,1
-1.641038,0.692790,0
-0.597280,1.737825,0
-0.736665,-0.422074,1
-1.098421,0.826650,0
-0.112226,1.678247,0
1.461481,-0.709577,1
0.763695,-0.387970,0
-0.111647,-0.649907,1
-0.559895,0.335461,1
1.133645,-0.757780,1
-0.044286,1.945324,0
-0.186271,1.888313,0
0.377398,0.076553,0
0.775405,1.099879,0
1.597264,-0.082071,1
-0.112752,1.702431,0
-1.411113,0.812747,0
0.849846,-1.765959,1
1.383833,-0.779305,1
-0.151560,1.340494,0
-1.812030,0.285331,0
-1.404534,1.234758,0
-0.153931,1.083098,0
1.662271,-0.294106,1
-0.396071,1.518407,0
0.586437,-1.648281,1
-1.764775,0.623661,0
-1.569391,0.686839,0
0.633369,-1.334029,1
1.861753,-0.065423,1
0.280411,-0.280195,0
-0.460684,-0.850247,1
-1.283839,1.046910,0
1.501906,-0.974544,1
-0.212048,1.113878,0
0.483452,-2.051821,1
0.637042,0.043424,0
0.612366,-0.011921,0
0.402390,0.504319,0
0.368535,-1.309142,1
-1.817293,0.141553,0
-0.124719,-1.177125,1
-1.303250,0.384839,0
-1.638037,-0.498835,0
-0.180446,-0.937038,1
-0.414037,0.137932,1
-1.082847,1.733485,0
